method,weights,expected_return,volatility,sharpe_ratio,runtime,num_assets,sparsity,avg_sharpe,avg_return,avg_volatility,avg_max_drawdown,num_windows,num_qubits,circuit_depth
markowitz_mv,[0.1 0.1 0.1 0.1 0.1 0.1 0.1 0.1 0.1 0.1],0.16658609010323136,0.13610111572229683,1.2239876889998214,0.0,10,1.0,0.9037196146868445,0.09511855808478772,0.10525160527365571,-0.17129783088958067,10,,
risk_parity_erc,"[0.11348203 0.06745585 0.09730003 0.12348621 0.07338929 0.10561092
 0.08378112 0.11488941 0.09836153 0.12224361]",0.15897059155048246,0.130346126703605,1.2196034939493587,0.008986711502075195,10,1.0,0.8220661642726487,0.08543704909729478,0.1039291038470201,-0.18850281344183795,10,,
qmv_qubo,[0.1 0.1 0.1 0.1 0.1 0.1 0.1 0.1 0.1 0.1],0.16658609010323136,0.13610111572229683,1.2239876889998214,0.0,10,1.0,0.9037196146868445,0.09511855808478772,0.10525160527365571,-0.17129783088958067,10,10.0,20.0
qaoa_cvar_portfolio,[0.1 0.1 0.1 0.1 0.1 0.1 0.1 0.1 0.1 0.1],0.16523253637912397,0.13768947810851517,0.0,0.0019974708557128906,10,1.0,0.9037196146868445,0.09511855808478772,0.10525160527365571,-0.17129783088958067,10,10.0,4.0
