{
  "avg_sharpe_ratio": 0.8178222393854166,
  "avg_annualized_return": 0.11563929749935224,
  "avg_annualized_volatility": 0.14563882049800175
}