{
  "avg_sharpe_ratio": 0.9037196146868445,
  "avg_annualized_return": 0.09511855808478774,
  "avg_annualized_volatility": 0.10525160527365571
}