{
  "experiment": "quantum_vs_classical_risk",
  "timestamp": "2025-12-04T23:42:36.727086",
  "symbols": [
    "ASIANPAINT",
    "BAJFINANCE",
    "HDFCBANK",
    "HINDUNILVR",
    "ICICIBANK"
  ],
  "confidence_level": 0.95,
  "random_seed": 42,
  "classical_results": {
    "parametric_var": {
      "value": -0.4883013363760853,
      "runtime": 0.0010056495666503906
    },
    "historical_var": {
      "value": 0.016501634525184102,
      "runtime": 0.0
    },
    "historical_cvar": {
      "value": 0.0272965425027066,
      "runtime": 0.0
    },
    "monte_carlo": {
      "n_1000": {
        "var": 0.12288560979826794,
        "cvar": 0.21660090109634758,
        "runtime": 0.0009992122650146484,
        "n_simulations": 1000
      },
      "n_5000": {
        "var": 0.13788085640907738,
        "cvar": 0.2176285639160828,
        "runtime": 0.0010013580322265625,
        "n_simulations": 5000
      },
      "n_10000": {
        "var": 0.1375027308742696,
        "cvar": 0.21365402045055237,
        "runtime": 0.002232789993286133,
        "n_simulations": 10000
      },
      "n_50000": {
        "var": 0.13662950055708545,
        "cvar": 0.21591222011928693,
        "runtime": 0.006515979766845703,
        "n_simulations": 50000
      },
      "n_100000": {
        "var": 0.13607167464010228,
        "cvar": 0.2156363252718951,
        "runtime": 0.01255035400390625,
        "n_simulations": 100000
      }
    },
    "analytical_cvar": {
      "value": -0.5674672834443049,
      "runtime": 0.0009975433349609375
    }
  },
  "quantum_results": {
    "qae_n_qubits_3": {
      "cvar_estimate": 0.022715446533783337,
      "classical_cvar": 0.021230028727825364,
      "var_threshold": 0.016501634525184102,
      "runtime": 0.0010042190551757812,
      "n_qubits": 3,
      "n_evaluation_qubits": 3,
      "shots": 1024
    },
    "qae_n_qubits_4": {
      "cvar_estimate": 0.022715446533783337,
      "classical_cvar": 0.021230028727825364,
      "var_threshold": 0.016501634525184102,
      "runtime": 0.0009944438934326172,
      "n_qubits": 4,
      "n_evaluation_qubits": 3,
      "shots": 1024
    },
    "qae_n_qubits_5": {
      "cvar_estimate": 0.022715446533783337,
      "classical_cvar": 0.021230028727825364,
      "var_threshold": 0.016501634525184102,
      "runtime": 0.0,
      "n_qubits": 5,
      "n_evaluation_qubits": 3,
      "shots": 1024
    }
  },
  "comparison": [
    {
      "method": "Parametric VaR",
      "type": "classical",
      "value": -0.4883013363760853,
      "runtime": 0.0010056495666503906,
      "n_simulations": NaN,
      "n_qubits": NaN,
      "error": 0.07916594706821956,
      "relative_error": -13.95075088518111
    },
    {
      "method": "Historical CVaR",
      "type": "classical",
      "value": 0.0272965425027066,
      "runtime": 0.0,
      "n_simulations": NaN,
      "n_qubits": NaN,
      "error": 0.5947638259470115,
      "relative_error": -104.81024074851103
    },
    {
      "method": "Analytical CVaR",
      "type": "classical",
      "value": -0.5674672834443049,
      "runtime": 0.0009975433349609375,
      "n_simulations": NaN,
      "n_qubits": NaN,
      "error": 0.0,
      "relative_error": -0.0
    },
    {
      "method": "Monte Carlo CVaR (n=1000)",
      "type": "classical",
      "value": 0.21660090109634758,
      "runtime": 0.0009992122650146484,
      "n_simulations": 1000.0,
      "n_qubits": NaN,
      "error": 0.7840681845406524,
      "relative_error": -138.1697601633815
    },
    {
      "method": "Monte Carlo CVaR (n=5000)",
      "type": "classical",
      "value": 0.2176285639160828,
      "runtime": 0.0010013580322265625,
      "n_simulations": 5000.0,
      "n_qubits": NaN,
      "error": 0.7850958473603876,
      "relative_error": -138.35085656307135
    },
    {
      "method": "Monte Carlo CVaR (n=10000)",
      "type": "classical",
      "value": 0.21365402045055237,
      "runtime": 0.002232789993286133,
      "n_simulations": 10000.0,
      "n_qubits": NaN,
      "error": 0.7811213038948572,
      "relative_error": -137.65045610273
    },
    {
      "method": "Monte Carlo CVaR (n=50000)",
      "type": "classical",
      "value": 0.21591222011928693,
      "runtime": 0.006515979766845703,
      "n_simulations": 50000.0,
      "n_qubits": NaN,
      "error": 0.7833795035635918,
      "relative_error": -138.04839969077761
    },
    {
      "method": "Monte Carlo CVaR (n=100000)",
      "type": "classical",
      "value": 0.2156363252718951,
      "runtime": 0.01255035400390625,
      "n_simulations": 100000.0,
      "n_qubits": NaN,
      "error": 0.7831036087162,
      "relative_error": -137.9997810557583
    },
    {
      "method": "QAE CVaR (n_qubits=3)",
      "type": "quantum",
      "value": 0.022715446533783337,
      "runtime": 0.0010042190551757812,
      "n_simulations": NaN,
      "n_qubits": 3.0,
      "error": 0.5901827299780882,
      "relative_error": -104.00295262766682
    },
    {
      "method": "QAE CVaR (n_qubits=4)",
      "type": "quantum",
      "value": 0.022715446533783337,
      "runtime": 0.0009944438934326172,
      "n_simulations": NaN,
      "n_qubits": 4.0,
      "error": 0.5901827299780882,
      "relative_error": -104.00295262766682
    },
    {
      "method": "QAE CVaR (n_qubits=5)",
      "type": "quantum",
      "value": 0.022715446533783337,
      "runtime": 0.0,
      "n_simulations": NaN,
      "n_qubits": 5.0,
      "error": 0.5901827299780882,
      "relative_error": -104.00295262766682
    }
  ]
}